{
  "artifact_path": "D:\\code\\python\\Quantun\\task3\\artifacts\\qml_artifacts.npz",
  "log_path": "D:\\code\\python\\Quantun\\task3\\artifacts\\train_log.csv",
  "baseline": {
    "selection_cv_acc": 0.77734375,
    "selection_l2": 0.02,
    "train_acc": 0.7743055555555556,
    "theta_std": 0.3847639262676239,
    "theta_absmax": 1.0708237886428833
  },
  "lightweight": {
    "selection_cv_acc": 0.74609375,
    "selection_l2": 0.01,
    "train_acc": 0.7175925925925926,
    "theta_std": 0.6230058073997498,
    "theta_absmax": 1.714734673500061
  }
}